TransactionID,CustomerID,Date,ProductCategory,Country,TransactionAmount,LoyaltyScore
TXN00353,CUST0017,2025-06-30,home & garden,germany,267.59,99.0
TXN00690,CUST0058,2026-01-30,home & garden,france,84.05,90.0
TXN00486,CUST0195,2025-08-07,electronics,usa,195.84,71.0
TXN00389,CUST0079,03-Jul-25,Electronics,FR,140.11,84.0
TXN00032,CUST0188,2025-06-03,Books,U.S.A.,385.26,17.0
TXN00443,cust0136,2025-11-08,Clothing,ES,419.06,97.0
TXN00199,CUST0074,2026-01-24,Sports,United Kingdom,226.45,45.0
TXN00426,CUST0129,2026-01-01,home & garden,spain,322.97,38.0
TXN00108,CUST0148,27-Feb-26,books,DE,47194.0,39.0
TXN00715,CUST0015,2025-07-12,Clothing,usa,-34.77,47.0
TXN00553,CUST0114,2026-01-19,Books,U.K.,287.04,98.0
TXN00676,CUST0123,2025-03-16,Sports,ES,120.54,58.0
TXN00159,CUST0037,2025-12-08,electronics,United States,398.39,77.0
TXN00476,CUST0172,2025-08-03,electronics,U.S.A.,77.37,81.0
TXN00424,CUST0003,2025-08-30,home & garden,spain,349.46,8.0
TXN00211,cust0124,2025-09-10,Home & Garden,ES,404.07,60.0
TXN00618,CUST0018,2025-09-24,Books,CA,170.38,71.0
TXN00484,CUST0096,2025-05-17,Books,GER,129.17,
TXN00885,CUST0055,2025-12-12,clothing,uk,187.49,92.0
TXN00651,CUST0007,10-Nov-25,Home & Garden,france,24.36,
TXN00245,CUST0111,2025-08-24,electronics,spain,,72.0
TXN00848,CUST0156,2025-07-21,Electronics,CA,196.89,85.0
TXN00983,cust0141,2025-08-04,home & garden,U.K.,442.26,56.0
TXN00829,CUST0182,2025-11-10,Home & Garden,FR,478.92,67.0
TXN00571,CUST0092,2025-08-11,electronics,FR,116.74,55.0
TXN00060,CUST0090,2025-08-25,Electronics,U.K.,149.64,57.0
TXN00291,CUST0039,2025-05-08,Home & Garden,US,,45.0
TXN00071,CUST0092,2025-10-26,clothing,spain,336.8,46.0
TXN00345,CUST0144,2025-10-20,ELECTRONICS,CA,354.98,28.0
TXN00185,CUST0106,2025-07-03,Electronics,CA,355.56,49.0
TXN00142,cust0124,2025-05-05,Home & Garden,ES,488.54,68.0
TXN00391,CUST0123,2025-04-14,Clothing,FR,363.38,100.0
TXN00492,CUST0005,2025-12-19,Clothing,FR,378.6,92.0
TXN00827,cust0011,2025-05-01,Clothing,canada,34.92,
TXN00102,CUST0134,2025-10-31,Books,ES,144.55,10.0
TXN00750,CUST0049,2026-02-28,Electronics,spain,317.08,32.0
TXN00552,CUST0130,17-Mar-25,Books,germany,250.95,91.0
TXN00307,cust0073,2025-10-14,ELECTRONICS,uk,230.17,66.0
TXN00987,CUST0191,2025-08-03,Sports,canada,102.12,9.0
TXN00322,CUST0096,2026-02-22,Home & Garden,ES,184.98,9.0
TXN00800,CUST0184,2025-08-02,HOME & GARDEN,US,32.79,
TXN00731,CUST0154,2025-09-20,Books,spain,343.57,93.0
TXN00678,CUST0019,2025-08-22,home & garden,U.K.,88.84,10.0
TXN00654,CUST0137,2025-05-12,Electronics,United Kingdom,424.79,50.0
TXN00077,CUST0103,2026-01-26,HOME & GARDEN,canada,483.78,36.0
TXN00193,CUST0195,2025-12-07,electronics,GER,350.06,4.0
TXN00087,CUST0098,2025-05-15,CLOTHING,france,157.47,71.0
TXN00459,cust0143,2025-08-16,sports,U.K.,129.0,27.0
TXN00440,CUST0197,2025-08-19,Books,canada,229.78,49.0
TXN00919,cust0153,2025-04-09,Electronics,U.K.,252.24,2.0
TXN00661,CUST0083,2025-12-17,Electronics,usa,297.44,19.0
TXN00310,CUST0099,2025-11-08,ELECTRONICS,canada,23.81,13.0
TXN00744,CUST0037,2025-11-30,Home & Garden,spain,391.68,
TXN00874,CUST0176,2025-12-21,Clothing,FR,228.65,23.0
TXN00399,cust0072,2025-11-07,sports,CA,471.33,39.0
TXN00617,CUST0014,2025-06-11,Clothing,United Kingdom,490.89,52.0
TXN00050,CUST0143,2025-11-25,books,U.K.,155.39,
TXN00200,CUST0151,2025-07-28,HOME & GARDEN,ES,348.25,59.0
TXN00599,cust0109,2025-04-09,Books,U.S.A.,272.92,79.0
TXN00970,CUST0043,2026-01-13,BOOKS,usa,41.26,
TXN00883,CUST0089,2025-04-27,BOOKS,DE,,18.0
TXN00429,CUST0141,2025-03-27,books,france,414.55,98.0
TXN00498,CUST0126,2025-05-23,clothing,CA,471.16,56.0
TXN00604,CUST0156,2025-03-26,Electronics,canada,373.43,95.0
TXN00011,CUST0170,21-Jan-26,clothing,canada,,13.0
TXN00889,cust0042,13-Jun-25,clothing,spain,29.2,74.0
TXN00671,CUST0020,2025-09-20,CLOTHING,CA,92.26,12.0
TXN00938,CUST0068,2025-11-19,Clothing,United Kingdom,419.12,80.0
TXN00929,CUST0132,2025-05-12,HOME & GARDEN,FR,132.57,57.0
TXN00558,cust0027,2026-02-14,Clothing,canada,,45.0
TXN00637,CUST0067,2025-08-07,CLOTHING,U.S.A.,428.75,72.0
TXN00834,CUST0165,2025-10-29,sports,france,479.86,88.0
TXN00372,CUST0064,2025-05-11,Clothing,canada,,25.0
TXN00835,CUST0083,2025-08-17,books,US,135.73,93.0
TXN00583,CUST0188,2025-09-23,Electronics,United States,190.11,39.0
TXN00334,CUST0047,2025-09-19,SPORTS,CA,60.27,42.0
TXN00946,CUST0081,2025-03-22,electronics,U.S.A.,,75.0
TXN00211,cust0124,2025-09-10,Home & Garden,ES,404.07,60.0
TXN00320,CUST0135,2025-06-06,Home & Garden,usa,276.6,65.0
TXN00458,CUST0182,2026-02-01,clothing,germany,285.57,54.0
TXN00089,CUST0156,2025-07-19,home & garden,GER,226.66,28.0
TXN00880,CUST0190,2025-05-28,home & garden,france,289.38,49.0
TXN00351,CUST0036,2026-02-17,clothing,DE,186.84,74.0
TXN00219,CUST0078,2026-01-12,Books,United States,125.05,69.0
TXN00414,CUST0127,2025-10-05,Clothing,ES,439.6,2.0
TXN00278,cust0165,2025-04-15,sports,CA,164.91,57.0
TXN00960,CUST0090,2025-05-11,Sports,U.K.,292.19,84.0
TXN00926,CUST0089,2025-04-26,Home & Garden,uk,,59.0
TXN00214,CUST0032,2025-03-23,Books,canada,377.02,34.0
TXN00097,CUST0133,21-May-25,BOOKS,usa,132.11,16.0
TXN00079,CUST0085,2025-10-20,Electronics,United States,97.5,34.0
TXN00704,CUST0089,2025-08-18,Books,CA,-330.85,74.0
TXN00137,CUST0024,2025-08-07,HOME & GARDEN,United Kingdom,348.98,40.0
TXN00209,CUST0084,20-Nov-25,books,United Kingdom,,70.0
TXN00523,CUST0178,2026-02-12,Books,FR,397.45,47.0
TXN00838,CUST0083,2026-01-12,Sports,U.S.A.,92.02,99.0
TXN00733,CUST0100,2025-03-05,Electronics,FR,497.43,25.0
TXN00569,CUST0095,2025-09-16,Books,GER,295.16,100.0
TXN00261,CUST0030,2026-01-05,Home & Garden,germany,148.79,87.0
TXN00468,CUST0120,2025-07-05,Electronics,ES,383.2,41.0
TXN00040,CUST0148,2025-07-03,Books,U.K.,405.67,25.0
TXN00031,CUST0062,2025-05-16,Electronics,uk,474.01,
TXN00698,CUST0112,2025-12-17,Clothing,spain,418.71,34.0
TXN00452,CUST0083,2025-12-19,clothing,CA,492.99,67.0
TXN00055,CUST0159,2025-03-31,ELECTRONICS,germany,296.0,67.0
TXN00024,CUST0098,2025-06-05,SPORTS,DE,133.19,71.0
TXN00514,CUST0077,2025-03-12,Home & Garden,france,108.42,
TXN00114,CUST0165,09-Jul-25,books,U.K.,99.05,34.0
TXN00110,CUST0155,2025-11-10,Clothing,DE,143.74,63.0
TXN00507,CUST0144,2025-06-09,Clothing,FR,93.1,49.0
TXN00967,CUST0200,2025-05-06,home & garden,spain,265.26,58.0
TXN00950,cust0180,2025-08-09,home & garden,CA,147.02,24.0
TXN00004,CUST0007,2025-04-04,sports,United Kingdom,353.65,54.0
TXN00276,CUST0195,2025-04-15,ELECTRONICS,United Kingdom,252.12,97.0
TXN00657,CUST0146,2025-05-18,SPORTS,uk,474.7,64.0
TXN00785,CUST0143,2026-02-25,Sports,InvalidCountry,325.27,21.0
TXN00855,CUST0042,2025-04-21,Clothing,U.K.,419.03,25.0
TXN00760,CUST0032,2025-07-03,sports,canada,353.92,27.0
TXN00797,CUST0141,2025-03-08,SPORTS,canada,62.1,22.0
TXN00903,CUST0179,2025-07-28,sports,usa,-75.6,62.0
TXN00395,CUST0189,2025-12-22,Electronics,ES,264.15,72.0
TXN00487,cust0122,26-Feb-26,Electronics,ES,,11.0
TXN00615,CUST0058,2025-08-01,HOME & GARDEN,uk,458.77,41.0
TXN00878,CUST0100,2026-02-07,Books,GER,29.55,84.0
TXN00175,CUST0062,2025-05-24,CLOTHING,canada,16.7,53.0
TXN00918,CUST0099,2025-04-01,books,FR,265.29,92.0
TXN00059,CUST0026,2025-11-13,electronics,france,,17.0
TXN00266,CUST0059,2025-03-25,sports,FR,405.04,10.0
TXN00064,cust0155,2025-09-08,CLOTHING,ES,109.76,82.0
TXN00790,CUST0128,2025-08-08,ELECTRONICS,United States,212.05,72.0
TXN00262,CUST0152,2025-03-26,books,FR,161.13,29.0
TXN00101,cust0116,2025-04-10,Home & Garden,United Kingdom,,100.0
TXN00925,CUST0024,20-May-25,sports,CA,458.35,45.0
TXN00300,CUST0198,2025-07-21,Sports,United Kingdom,31.41,47.0
TXN00616,CUST0070,2025-08-24,electronics,france,68.51,87.0
TXN00179,CUST0099,2025-06-15,Clothing,FR,375.68,18.0
TXN00934,CUST0068,2026-01-14,Clothing,canada,205.48,96.0
TXN00779,CUST0157,2025-12-26,Electronics,ES,246.71,63.0
TXN00140,CUST0079,2025-12-31,Home & Garden,U.K.,363.43,41.0
TXN00804,CUST0046,2025-12-27,sports,uk,60.74,85.0
TXN00169,CUST0103,2025-07-13,Sports,United States,,
TXN00067,CUST0034,2025-07-19,Home & Garden,uk,280.32,55.0
TXN00257,CUST0041,2025-09-17,HOME & GARDEN,CA,390.65,73.0
TXN00068,CUST0144,2026-01-23,electronics,United States,473.07,89.0
TXN00987,CUST0191,2025-08-03,Sports,canada,102.12,9.0
TXN00013,CUST0095,2025-03-24,home & garden,U.K.,140.82,88.0
TXN00532,CUST0030,2025-09-24,Clothing,CA,178.1,27.0
TXN00320,CUST0135,2025-06-06,Home & Garden,usa,276.6,65.0
TXN00985,cust0057,2025-07-29,home & garden,usa,316.41,67.0
TXN00867,CUST0036,2025-10-19,SPORTS,uk,369.44,
TXN00577,CUST0024,2026-01-19,Home & Garden,canada,192.2,
TXN00335,CUST0170,2025-07-17,home & garden,CA,,55.0
TXN00287,CUST0135,2025-12-11,SPORTS,FR,188.31,37.0
TXN00912,CUST0148,2025-08-11,Home & Garden,spain,-370.53,85.0
TXN00324,CUST0149,2026-02-08,Home & Garden,uk,182.63,44.0
TXN00891,CUST0104,2025-04-10,Sports,france,19.12,93.0
TXN00537,CUST0144,2025-11-04,Books,DE,400.9,81.0
TXN00693,CUST0134,2025-03-16,BOOKS,FR,-434.78,61.0
TXN00650,CUST0089,2025-09-19,Sports,france,200.31,24.0
TXN00529,CUST0148,2025-08-23,Clothing,germany,-201.66,99.0
TXN00514,CUST0077,2025-03-12,Home & Garden,france,108.42,
TXN00586,CUST0113,2025-11-13,home & garden,spain,317.76,20.0
TXN00003,CUST0009,2025-11-11,ELECTRONICS,United States,124.0,78.0
TXN00446,CUST0071,2026-01-04,CLOTHING,ES,25.79,85.0
TXN00238,CUST0017,2025-04-17,CLOTHING,CA,,71.0
TXN00496,CUST0060,2025-04-27,electronics,CA,386.81,77.0
TXN00782,CUST0148,2025-03-25,Sports,United Kingdom,437.84,67.0
TXN00328,CUST0081,2025-08-11,Home & Garden,france,-494.67,70.0
TXN00548,CUST0148,2025-11-27,Books,germany,248.47,69.0
TXN00859,cust0085,2025-03-24,Home & Garden,InvalidCountry,331.18,13.0
TXN00530,CUST0174,2025-06-19,sports,ES,83.87,4.0
TXN00347,cust0019,2025-03-02,Books,InvalidCountry,228.1,12.0
TXN00884,CUST0113,2026-01-22,clothing,U.K.,262.13,36.0
TXN00584,CUST0036,2025-04-08,Books,U.K.,496.54,19.0
TXN00594,cust0153,2026-02-24,Electronics,FR,493.57,41.0
TXN00588,CUST0026,2025-05-05,CLOTHING,usa,367.7,45.0
TXN00309,CUST0007,2025-08-12,books,US,255.98,31.0
TXN00060,CUST0090,2025-08-25,Electronics,U.K.,149.64,57.0
TXN00994,CUST0085,2026-02-02,Electronics,uk,140.59,51.0
TXN00232,CUST0045,2025-12-28,Home & Garden,United States,373.44,68.0
TXN00630,CUST0180,2025-07-14,HOME & GARDEN,canada,143.26,10.0
TXN00602,CUST0167,2025-03-10,ELECTRONICS,CA,224.37,31.0
TXN00663,CUST0181,2026-01-10,books,france,174.91,42.0
TXN00137,CUST0024,2025-08-07,HOME & GARDEN,United Kingdom,348.98,40.0
TXN00916,CUST0024,2025-04-29,Clothing,GER,223.33,9.0
TXN00315,CUST0061,2026-02-06,Home & Garden,United States,126.84,82.0
TXN00107,CUST0198,2026-02-20,SPORTS,spain,429.8,98.0
TXN00824,CUST0020,2025-06-12,clothing,uk,68.48,6.0
TXN00056,CUST0081,25-Mar-25,home & garden,United Kingdom,360.93,31.0
TXN00121,CUST0043,2026-01-03,sports,france,391.12,21.0
TXN00371,CUST0025,2025-08-18,Electronics,CA,433.44,54.0
TXN00026,CUST0165,2025-10-03,home & garden,US,223.03,59.0
TXN00073,CUST0042,2026-02-18,Clothing,germany,,
TXN00550,CUST0048,2025-04-19,Home & Garden,DE,36.27,46.0
TXN00045,CUST0047,2025-10-26,Home & Garden,germany,438.5,10.0
TXN00297,CUST0020,2025-06-16,HOME & GARDEN,usa,387.73,95.0
TXN00329,CUST0122,05-Apr-25,Home & Garden,usa,103.64,46.0
TXN00248,CUST0014,2025-09-24,Home & Garden,france,182.31,
TXN00337,CUST0158,2025-04-09,BOOKS,canada,490.21,8.0
TXN00352,CUST0095,2025-12-26,BOOKS,FR,309.85,12.0
TXN00362,cust0160,2025-05-18,sports,CA,30.19,4.0
TXN00738,CUST0023,2025-11-08,clothing,CA,374.66,40.0
TXN00961,CUST0138,2025-09-02,CLOTHING,CA,169.29,66.0
TXN00421,CUST0084,25-Mar-25,electronics,DE,56.74,18.0
TXN00382,CUST0194,28-Apr-25,Clothing,U.K.,259.47,65.0
TXN00695,CUST0009,2025-06-11,SPORTS,france,402.22,87.0
TXN00540,CUST0002,11-Oct-25,CLOTHING,United Kingdom,378.64,9.0
TXN00450,CUST0194,2025-06-18,Electronics,uk,496.81,30.0
TXN00623,cust0163,2026-03-02,electronics,canada,381.88,49.0
TXN00210,CUST0094,14-Oct-25,Sports,france,416.93,33.0
TXN00555,CUST0044,2025-06-22,Books,france,279.37,15.0
TXN00637,CUST0067,2025-08-07,CLOTHING,U.S.A.,428.75,72.0
TXN00482,CUST0028,2025-12-16,Electronics,france,128.07,80.0
TXN00433,cust0134,2025-03-19,books,US,110.65,75.0
TXN00627,CUST0118,2026-01-13,Electronics,FR,25766.000000000004,82.0
TXN00061,CUST0140,2025-04-02,Home & Garden,france,269.18,86.0
TXN00622,CUST0039,2026-02-18,Electronics,germany,124.17,45.0
TXN00756,CUST0055,2025-06-17,Electronics,FR,92.8,47.0
TXN00093,CUST0063,2026-01-24,Books,FR,233.15,81.0
TXN00902,CUST0197,2025-05-05,Books,canada,,
TXN00463,CUST0056,2025-09-13,books,U.K.,158.56,2.0
TXN00667,CUST0097,2025-03-15,Home & Garden,spain,154.31,23.0
TXN00977,CUST0117,2025-06-07,SPORTS,GER,323.5,69.0
TXN00478,CUST0117,2025-04-20,home & garden,US,322.49,79.0
TXN00333,CUST0069,2025-07-28,electronics,spain,,78.0
TXN00939,cust0092,2025-12-31,clothing,U.S.A.,460.89,87.0
TXN00701,CUST0180,2025-06-08,sports,FR,393.03,15.0
TXN00465,CUST0123,2025-04-27,CLOTHING,ES,354.85,51.0
TXN00356,CUST0200,2025-05-06,Sports,spain,99.16,17.0
TXN00363,CUST0021,2025-05-11,Electronics,spain,139.68,27.0
TXN00313,cust0021,2025-11-12,electronics,canada,,71.0
TXN00319,CUST0062,2025-11-27,Sports,GER,335.54,11.0
TXN00974,CUST0034,2026-02-16,Sports,U.K.,27.23,46.0
TXN00381,CUST0025,10-Sep-25,BOOKS,canada,283.34,47.0
TXN00183,cust0086,2025-08-21,SPORTS,FR,233.12,42.0
TXN00717,cust0102,2026-02-15,ELECTRONICS,ES,128.55,63.0
TXN00111,CUST0008,2025-03-25,Books,canada,342.78,52.0
TXN00531,CUST0124,2025-08-02,electronics,CA,461.07,11.0
TXN00378,CUST0012,2025-05-15,Books,US,,47.0
TXN00714,CUST0146,2025-11-24,Electronics,U.K.,438.84,26.0
TXN00873,CUST0129,2025-10-31,Electronics,ES,425.51,79.0
TXN00940,CUST0170,2026-02-27,Books,france,384.48,70.0
TXN00732,CUST0007,21-Oct-25,BOOKS,canada,454.39,52.0
TXN00293,cust0080,2025-04-07,SPORTS,DE,397.91,17.0
TXN00437,CUST0191,2026-01-24,clothing,FR,32.19,45.0
TXN00836,CUST0073,23-Aug-25,Electronics,france,262.01,66.0
TXN00308,CUST0038,2025-11-09,books,US,410.18,45.0
TXN00290,CUST0099,2025-03-31,Home & Garden,canada,482.56,78.0
TXN00969,CUST0170,2025-03-09,HOME & GARDEN,spain,377.37,27.0
TXN00216,CUST0121,2025-05-19,Electronics,FR,170.72,79.0
TXN00631,CUST0052,2026-01-06,Clothing,FR,86.15,22.0
TXN00281,CUST0116,2025-08-26,ELECTRONICS,United States,417.53,10.0
TXN00674,CUST0001,2025-07-21,ELECTRONICS,germany,368.97,22.0
TXN00451,CUST0188,2025-05-11,SPORTS,CA,302.98,87.0
TXN00299,CUST0034,2025-12-14,sports,germany,89.5,89.0
TXN00786,CUST0130,2025-12-08,Books,GER,46.68,63.0
TXN00138,CUST0170,2025-07-03,Sports,canada,281.2,45.0
TXN00306,CUST0096,03-Mar-25,sports,usa,424.49,16.0
TXN00808,CUST0132,2025-05-26,home & garden,spain,431.75,92.0
TXN00295,CUST0093,2025-09-25,electronics,CA,-98.33,28.0
TXN00600,cust0040,2025-09-25,home & garden,usa,,27.0
TXN00582,CUST0109,2026-01-25,clothing,germany,122.18,12.0
TXN00030,CUST0083,2026-01-04,books,usa,,40.0
TXN00166,CUST0047,2025-04-11,SPORTS,germany,408.98,12.0
TXN00249,CUST0130,2025-03-31,clothing,United Kingdom,246.27,14.0
TXN00311,CUST0183,2025-12-22,Home & Garden,uk,28.77,61.0
TXN00686,cust0044,2025-07-03,Home & Garden,US,-423.45,40.0
TXN00844,CUST0067,15-Jul-25,books,InvalidCountry,318.81,56.0
TXN00343,CUST0036,2025-08-11,SPORTS,canada,164.05,36.0
TXN00606,CUST0042,2025-06-08,Books,canada,263.44,93.0
TXN00527,CUST0193,2026-01-07,Home & Garden,DE,15.17,34.0
TXN00066,CUST0024,2026-02-08,Books,canada,11.74,99.0
TXN00632,CUST0116,2025-08-06,Books,CA,69.16,46.0
TXN00892,CUST0187,12-Nov-25,home & garden,usa,230.11,61.0
TXN00255,CUST0018,2025-04-12,CLOTHING,spain,486.19,12.0
TXN00719,CUST0089,2025-03-15,CLOTHING,CA,54.29,4.0
TXN00771,CUST0075,23-Sep-25,home & garden,ES,218.74,15.0
TXN00222,CUST0107,2025-04-21,Electronics,DE,209.98,36.0
TXN00236,CUST0016,2025-07-27,Books,InvalidCountry,346.19,63.0
TXN00430,CUST0064,2025-06-06,Sports,U.S.A.,228.91,91.0
TXN00544,CUST0030,2025-07-11,Home & Garden,CA,312.51,87.0
TXN00441,CUST0097,2025-03-29,Electronics,spain,438.53,18.0
TXN00589,CUST0110,2025-10-27,Home & Garden,United Kingdom,145.71,11.0
TXN00973,CUST0080,2025-10-08,Clothing,United Kingdom,227.15,17.0
TXN00250,CUST0090,2026-01-03,Sports,CA,383.68,74.0
TXN00579,CUST0194,2025-04-01,Clothing,GER,54.69,13.0
TXN00410,CUST0105,2025-04-03,Books,GER,107.73,37.0
TXN00072,cust0200,2025-04-19,Sports,DE,377.24,31.0
TXN00095,CUST0063,2025-03-15,Clothing,ES,12.72,97.0
TXN00034,CUST0109,2025-03-14,Clothing,FR,108.56,40.0
TXN00645,CUST0071,2025-12-16,Home & Garden,germany,26.98,80.0
TXN00260,CUST0156,2025-10-14,Books,GER,115.63,66.0
TXN00205,CUST0199,2025-09-03,clothing,FR,117.31,25.0
TXN00799,CUST0051,2025-08-13,Clothing,usa,115.64,25.0
TXN00621,CUST0198,2025-05-27,clothing,ES,382.64,32.0
TXN00366,CUST0063,2025-07-13,Books,canada,45.76,8.0
TXN00078,CUST0090,2025-03-20,SPORTS,germany,490.76,69.0
TXN00085,CUST0077,2025-03-26,SPORTS,CA,210.11,52.0
TXN00995,CUST0019,30-Nov-25,SPORTS,GER,104.17,33.0
TXN00083,cust0138,2025-07-25,CLOTHING,CA,44.29,86.0
TXN00526,CUST0157,2025-04-06,Electronics,FR,341.96,52.0
TXN00440,CUST0197,2025-08-19,Books,canada,229.78,49.0
TXN00568,cust0163,2025-06-12,electronics,germany,377.4,89.0
TXN00561,CUST0158,2025-11-17,CLOTHING,U.K.,404.67,73.0
TXN00543,CUST0164,2025-08-16,Home & Garden,france,309.54,76.0
TXN00888,CUST0106,2026-02-08,Electronics,U.K.,72.66,76.0
TXN00332,CUST0087,2025-03-13,Clothing,DE,253.79,67.0
TXN00006,CUST0195,2025-07-29,CLOTHING,ES,176.72,20.0
TXN00480,CUST0004,2025-10-13,Electronics,france,272.51,37.0
TXN00105,CUST0181,2025-08-02,clothing,US,209.72,70.0
TXN00098,CUST0117,26-Mar-25,Clothing,DE,270.25,72.0
TXN00833,CUST0193,2025-03-25,electronics,usa,179.54,31.0
TXN00788,CUST0141,2025-11-02,Books,DE,48.63,57.0
TXN00425,CUST0171,2025-09-26,Electronics,DE,88.26,88.0
TXN00935,CUST0088,2025-12-01,electronics,france,243.51,46.0
TXN00282,CUST0166,2025-05-02,Electronics,FR,258.46,60.0
TXN00267,CUST0102,2026-02-21,Electronics,germany,235.28,10.0
TXN00535,CUST0030,2025-04-05,electronics,CA,63.59,22.0
TXN00454,CUST0189,2025-03-20,Clothing,ES,219.33,64.0
TXN00360,CUST0071,2025-09-28,Clothing,spain,311.07,12.0
TXN00491,CUST0072,2025-03-31,Sports,FR,26.12,41.0
TXN00992,CUST0024,2025-06-23,Clothing,US,116.42,54.0
TXN00817,CUST0053,2025-08-31,sports,usa,408.87,14.0
TXN00119,CUST0160,2025-12-28,Clothing,uk,242.04,15.0
TXN00635,CUST0155,2025-09-16,Electronics,uk,82.68,92.0
TXN00251,CUST0058,2025-04-18,books,FR,310.65,83.0
TXN00406,cust0070,2025-04-21,clothing,United States,373.04,31.0
TXN00718,CUST0153,2025-07-03,Books,United Kingdom,297.57,45.0
TXN00705,cust0156,2025-12-04,books,U.S.A.,144.95,19.0
TXN00010,cust0159,24-Nov-25,home & garden,FR,355.24,6.0
TXN00860,CUST0073,2025-11-23,SPORTS,U.S.A.,165.72,58.0
TXN00197,CUST0175,08-May-25,Clothing,GER,80.13,60.0
TXN00653,CUST0060,2025-10-27,Clothing,usa,331.86,35.0
TXN00082,CUST0049,2025-03-05,HOME & GARDEN,usa,223.67,67.0
TXN00448,CUST0153,2025-04-30,electronics,DE,339.29,7.0
TXN00534,CUST0179,2026-01-27,Books,CA,-157.13,91.0
TXN00669,CUST0146,2025-04-28,electronics,uk,165.93,79.0
TXN00240,CUST0130,2026-01-11,Sports,germany,398.62,15.0
TXN00412,CUST0167,02-Jun-25,SPORTS,United Kingdom,371.96,5.0
TXN00212,CUST0020,2025-03-21,Clothing,U.K.,364.87,51.0
TXN00774,CUST0024,2025-11-29,HOME & GARDEN,CA,65.78,52.0
TXN00546,CUST0081,2025-09-27,Electronics,U.K.,67.3,48.0
TXN00520,CUST0173,12-Apr-25,BOOKS,U.K.,158.39,33.0
TXN00228,CUST0053,2025-11-16,Electronics,france,297.33,30.0
TXN00923,CUST0023,2025-09-03,home & garden,DE,338.13,52.0
TXN00405,CUST0055,2025-10-15,clothing,FR,467.18,90.0
TXN00890,CUST0038,2025-10-21,electronics,uk,462.0,67.0
TXN00178,CUST0107,2025-10-29,books,germany,233.83,19.0
TXN00627,CUST0118,2026-01-13,Electronics,FR,25766.000000000004,82.0
TXN00466,CUST0062,2025-10-09,SPORTS,CA,196.52,
TXN00431,CUST0093,2026-01-04,electronics,france,40.26,71.0
TXN00533,CUST0134,2025-07-02,BOOKS,CA,57.84,93.0
TXN00696,CUST0159,2025-07-16,clothing,usa,94.71,22.0
TXN00479,CUST0124,2026-02-27,books,US,270.78,53.0
TXN00689,CUST0048,2025-10-19,Books,U.S.A.,225.47,34.0
TXN00008,CUST0089,2026-02-08,Sports,CA,367.57,69.0
TXN00156,CUST0009,06-Mar-25,CLOTHING,CA,148.53,59.0
TXN00358,CUST0043,2025-03-04,Clothing,canada,120.48,67.0
TXN00585,CUST0018,2026-02-26,SPORTS,FR,309.06,22.0
TXN00224,CUST0093,2025-08-26,ELECTRONICS,ES,276.79,83.0
TXN00330,CUST0200,2025-09-14,ELECTRONICS,spain,143.88,48.0
TXN00634,CUST0024,2025-09-28,CLOTHING,ES,414.93,90.0
TXN00823,CUST0199,2025-07-16,CLOTHING,canada,96.94,88.0
TXN00869,CUST0149,2025-11-14,Books,france,454.09,71.0
TXN00612,CUST0147,15-Jun-25,Electronics,uk,-11.26,2.0
TXN00097,CUST0133,21-May-25,BOOKS,usa,132.11,16.0
TXN00747,CUST0196,2025-04-22,ELECTRONICS,United Kingdom,222.52,
TXN00679,CUST0141,2025-05-02,ELECTRONICS,CA,492.79,62.0
TXN00810,CUST0183,2025-09-07,HOME & GARDEN,spain,461.38,17.0
TXN00495,CUST0177,2025-09-06,ELECTRONICS,france,36.31,56.0
TXN00573,CUST0141,2025-05-17,Sports,U.K.,427.69,44.0
TXN00629,CUST0034,2025-10-20,Clothing,CA,,51.0
TXN00763,CUST0027,2025-04-20,SPORTS,spain,67.69,15.0
TXN00959,CUST0144,2025-09-07,sports,canada,19.72,16.0
TXN00164,CUST0151,2025-10-16,Electronics,ES,292.36,98.0
TXN00229,CUST0085,2026-03-01,Clothing,FR,145.86,19.0
TXN00524,CUST0180,2025-04-10,Sports,france,458.06,14.0
TXN00787,CUST0083,2025-10-11,Clothing,CA,34.67,29.0
TXN00213,CUST0143,2025-08-12,home & garden,United States,-16.82,69.0
TXN00826,CUST0066,2025-07-07,Electronics,canada,357.75,20.0
TXN00080,CUST0010,2025-07-23,Electronics,FR,179.39,41.0
TXN00149,CUST0162,2025-12-16,ELECTRONICS,U.K.,407.46,39.0
TXN00303,cust0050,2025-05-14,Home & Garden,spain,492.38,60.0
TXN00449,cust0063,2025-07-21,electronics,DE,124.83,28.0
TXN00502,CUST0024,2025-07-18,Electronics,canada,186.36,35.0
TXN00549,CUST0178,2025-12-07,CLOTHING,france,249.92,
TXN00842,CUST0007,2025-09-14,BOOKS,spain,28.56,10.0
TXN00044,CUST0064,2025-06-01,clothing,uk,229.82,55.0
TXN00494,CUST0100,2025-08-18,SPORTS,canada,380.25,18.0
TXN00134,CUST0180,2026-02-25,home & garden,InvalidCountry,263.15,25.0
TXN00595,CUST0034,2025-07-30,BOOKS,france,189.05,88.0
TXN00312,CUST0179,2025-07-05,Clothing,ES,229.81,1.0
TXN00508,CUST0044,29-Sep-25,CLOTHING,canada,141.52,19.0
TXN00656,CUST0179,2026-02-16,Home & Garden,france,354.69,46.0
TXN00517,CUST0094,2025-11-20,electronics,france,-300.19,70.0
TXN00850,CUST0101,2025-04-12,sports,canada,80.6,87.0
TXN00812,CUST0182,2025-05-19,electronics,CA,245.38,74.0
TXN00001,CUST0164,2025-10-13,Electronics,United States,130.0,18.0
TXN00783,CUST0134,2025-07-24,SPORTS,US,334.24,32.0
TXN00383,CUST0011,2025-12-22,ELECTRONICS,U.S.A.,359.66,61.0
TXN00317,CUST0153,2025-04-13,Sports,U.S.A.,262.53,31.0
TXN00762,CUST0134,2025-04-26,Home & Garden,france,-353.36,54.0
TXN00592,CUST0131,2025-08-14,clothing,spain,154.82,7.0
TXN00409,CUST0175,2025-05-25,Clothing,United States,489.18,21.0
TXN00942,CUST0071,2025-06-14,books,U.K.,147.33,29.0
TXN00412,CUST0167,02-Jun-25,SPORTS,United Kingdom,371.96,5.0
TXN00751,cust0058,2025-12-26,Home & Garden,CA,60.33,65.0
TXN00173,CUST0053,2025-12-25,HOME & GARDEN,france,464.56,57.0
TXN00126,CUST0170,2025-06-16,Home & Garden,usa,327.3,2.0
TXN00697,CUST0055,2026-02-09,clothing,uk,217.45,
TXN00500,CUST0076,2026-01-24,clothing,ES,50.2,20.0
TXN00597,CUST0068,2026-01-31,clothing,United States,474.85,51.0
TXN00972,CUST0027,2025-12-13,Home & Garden,FR,51.31,50.0
TXN00091,CUST0132,2026-01-14,SPORTS,canada,411.03,97.0
TXN00812,CUST0182,2025-05-19,electronics,CA,245.38,74.0
TXN00182,CUST0169,2025-07-17,BOOKS,uk,273.9,45.0
TXN00364,CUST0197,2025-04-20,sports,DE,323.11,64.0
TXN00275,CUST0027,2025-11-21,clothing,canada,95.01,20.0
TXN00753,CUST0075,2025-06-09,BOOKS,ES,302.22,
TXN00963,CUST0162,2025-04-09,Clothing,U.K.,405.78,44.0
TXN00070,CUST0111,2025-09-26,Clothing,InvalidCountry,188.68,6.0
TXN00292,CUST0080,02-May-25,Books,United Kingdom,,11.0
TXN00132,CUST0098,2025-06-22,HOME & GARDEN,usa,-426.97,24.0
TXN00301,CUST0174,24-Apr-25,clothing,DE,149.61,
TXN00713,CUST0080,2025-12-23,sports,GER,392.45,68.0
TXN00327,CUST0010,08-Feb-26,home & garden,U.K.,397.64,6.0
TXN00145,CUST0012,2025-10-04,Electronics,france,351.73,17.0
TXN00522,CUST0115,2025-05-08,sports,DE,206.39,65.0
TXN00964,CUST0108,2025-08-07,sports,france,425.96,10.0
TXN00887,CUST0173,2025-11-15,books,germany,299.49,
TXN00136,CUST0062,03-Mar-25,Books,ES,250.5,3.0
TXN00997,CUST0114,2026-02-13,CLOTHING,spain,107.6,95.0
TXN00723,cust0166,2026-02-26,clothing,FR,119.65,78.0
TXN00165,CUST0194,2025-06-10,Clothing,germany,329.24,36.0
TXN00029,CUST0096,2025-06-04,clothing,FR,460.06,77.0
TXN00680,cust0181,2025-04-02,Electronics,GER,90.85,56.0
TXN00194,cust0012,2025-10-03,Home & Garden,U.S.A.,185.65,56.0
TXN00903,CUST0179,2025-07-28,sports,usa,-75.6,62.0
TXN00814,CUST0004,2026-02-18,SPORTS,US,196.63,
TXN00434,CUST0126,2025-07-17,electronics,FR,406.26,59.0
TXN00988,cust0047,2026-01-05,Clothing,CA,322.08,80.0
TXN00170,CUST0083,12-Jun-25,ELECTRONICS,GER,414.21,1.0
TXN00542,CUST0118,2025-03-24,electronics,canada,432.69,68.0
TXN00141,CUST0031,2025-11-28,sports,spain,103.86,95.0
TXN00174,CUST0179,2026-02-16,Books,usa,486.84,78.0
TXN00007,CUST0056,2026-01-14,home & garden,U.S.A.,196.16,46.0
TXN00821,CUST0004,2025-04-19,Home & Garden,uk,435.74,57.0
TXN00536,CUST0190,2025-12-03,Clothing,FR,280.44,43.0
TXN00962,CUST0125,2025-08-19,books,US,310.7,60.0
TXN00856,CUST0030,2025-05-16,Clothing,spain,427.6,97.0
TXN00074,CUST0106,2025-12-11,clothing,CA,395.81,
TXN00738,CUST0023,2025-11-08,clothing,CA,374.66,40.0
TXN00528,CUST0057,2025-06-10,Sports,ES,283.42,89.0
TXN00239,cust0183,2025-05-01,Home & Garden,GER,269.97,59.0
TXN00146,CUST0164,2026-02-24,books,usa,,61.0
TXN00853,CUST0141,2025-11-15,Electronics,CA,376.67,93.0
TXN00235,CUST0012,11-Jul-25,SPORTS,canada,325.24,4.0
TXN00221,CUST0179,2025-05-06,Sports,GER,373.71,20.0
TXN00215,cust0150,2025-08-24,books,spain,63.09,30.0
TXN00712,CUST0133,2025-06-12,home & garden,usa,397.83,9.0
TXN00133,CUST0125,2025-10-21,CLOTHING,canada,176.77,77.0
TXN00602,CUST0167,2025-03-10,ELECTRONICS,CA,224.37,31.0
TXN00907,CUST0053,2025-08-29,home & garden,DE,62.23,55.0
TXN00708,CUST0006,2025-09-24,HOME & GARDEN,canada,147.37,63.0
TXN00423,CUST0115,2025-09-29,home & garden,canada,295.41,
TXN00186,CUST0099,2026-02-12,clothing,DE,71.86,76.0
TXN00042,CUST0120,2025-04-02,Electronics,ES,492.24,13.0
TXN00768,CUST0147,15-Jan-26,books,U.K.,391.97,10.0
TXN00109,CUST0193,2025-05-31,BOOKS,GER,376.28,70.0
TXN00636,CUST0064,2025-06-13,Home & Garden,GER,33.99,39.0
TXN00057,CUST0068,2025-03-24,books,U.K.,326.3,59.0
TXN00483,CUST0135,2025-10-17,home & garden,canada,399.52,11.0
TXN00754,CUST0112,2025-06-25,Clothing,CA,186.03,25.0
TXN00794,CUST0144,2025-07-03,Sports,FR,361.16,47.0
TXN00469,CUST0053,2025-08-03,Home & Garden,canada,32.4,29.0
TXN00927,CUST0104,2025-10-20,Sports,U.S.A.,95.77,65.0
TXN00436,CUST0119,2026-02-19,Home & Garden,ES,204.01,
TXN00025,CUST0003,2025-06-01,Electronics,ES,377.93,99.0
TXN00550,CUST0048,2025-04-19,Home & Garden,DE,36.27,46.0
TXN00519,CUST0113,2026-01-26,Home & Garden,spain,411.29,53.0
TXN00838,CUST0083,2026-01-12,Sports,U.S.A.,92.02,99.0
TXN00668,CUST0187,2025-05-13,Electronics,spain,201.88,99.0
TXN00175,CUST0062,2025-05-24,CLOTHING,canada,16.7,53.0
TXN00998,CUST0198,2025-03-27,Electronics,FR,491.24,61.0
TXN00339,CUST0041,2025-04-25,Electronics,U.K.,342.26,57.0
TXN00052,CUST0123,2025-12-12,SPORTS,france,37.87,66.0
TXN00384,cust0133,2025-04-26,books,InvalidCountry,447.63,18.0
TXN00862,CUST0145,2025-09-22,Sports,CA,479.74,22.0
TXN00990,cust0005,2025-06-02,Clothing,US,20.84,14.0
TXN00683,CUST0077,2026-02-05,Clothing,United States,-202.52,71.0
TXN00996,CUST0098,2025-03-02,electronics,United States,131.99,99.0
TXN00265,CUST0128,2025-12-26,BOOKS,U.K.,196.3,
TXN00709,CUST0179,2025-12-24,Electronics,uk,-157.24,96.0
TXN00766,CUST0011,2025-11-16,Sports,germany,347.22,62.0
TXN00737,CUST0067,2025-03-19,sports,uk,450.8,84.0
TXN00445,CUST0137,2025-10-27,BOOKS,U.K.,235.71,20.0
TXN00396,CUST0084,2025-08-22,Books,france,163.74,23.0
TXN00559,CUST0023,2025-11-01,books,usa,112.84,95.0
TXN00177,CUST0040,2025-10-04,books,ES,259.35,35.0
TXN00019,cust0055,2025-04-07,Books,germany,234.84,34.0
TXN00980,CUST0003,23-Dec-25,ELECTRONICS,FR,178.5,61.0
TXN00539,CUST0189,15-Jul-25,Sports,United Kingdom,300.18,50.0
TXN00614,CUST0046,2025-03-02,electronics,france,372.93,54.0
TXN00591,CUST0200,2025-09-29,electronics,spain,110.67,78.0
TXN00368,CUST0156,2025-09-20,clothing,CA,369.76,45.0
TXN00084,CUST0085,2025-03-28,Sports,canada,425.53,93.0
TXN00062,CUST0142,2026-01-08,Home & Garden,spain,470.08,18.0
TXN00515,CUST0046,2025-10-04,Books,canada,,82.0
TXN00273,CUST0044,2025-04-12,ELECTRONICS,france,65.87,66.0
TXN00286,CUST0130,2025-10-27,clothing,United States,,57.0
TXN00361,CUST0129,09-May-25,clothing,france,-85.56,85.0
TXN00355,CUST0019,2025-03-19,BOOKS,GER,263.51,17.0
TXN00952,CUST0185,22-May-25,Home & Garden,uk,221.79,49.0
TXN00279,CUST0018,2025-04-13,Books,GER,158.38,36.0
TXN00369,CUST0103,2025-06-12,clothing,CA,285.21,41.0
TXN00665,cust0167,2025-03-05,Home & Garden,U.K.,484.68,89.0
TXN00619,CUST0117,2025-11-20,ELECTRONICS,CA,152.88,39.0
TXN00590,cust0064,2025-04-29,sports,france,363.38,37.0
TXN00658,CUST0139,2025-06-24,home & garden,U.K.,28.6,8.0
TXN00762,CUST0134,2025-04-26,Home & Garden,france,-353.36,54.0
TXN00457,CUST0194,2025-10-30,Sports,DE,,39.0
TXN00394,CUST0106,19-Jun-25,clothing,germany,389.74,61.0
TXN00685,CUST0076,2025-11-20,Sports,GER,57.52,27.0
TXN00724,CUST0079,2025-08-22,home & garden,DE,427.28,59.0
TXN00376,CUST0153,2025-06-01,books,canada,14.01,14.0
TXN00413,CUST0045,2026-02-12,Books,United Kingdom,498.61,51.0
TXN00075,CUST0098,2025-11-09,electronics,germany,107.79,59.0
TXN00948,CUST0141,2025-10-16,Home & Garden,InvalidCountry,240.96,79.0
TXN00501,CUST0098,2025-08-15,clothing,spain,165.17,14.0
TXN00605,CUST0045,2025-03-05,Electronics,U.S.A.,-77.23,2.0
TXN00115,CUST0098,2025-07-13,home & garden,uk,170.15,98.0
TXN00418,cust0042,22-Oct-25,BOOKS,spain,362.11,2.0
TXN00090,cust0131,06-Dec-25,Books,spain,332.84,37.0
TXN00991,CUST0073,2025-07-21,home & garden,InvalidCountry,366.28,30.0
TXN00933,CUST0081,2025-06-11,books,canada,272.47,90.0
TXN00875,CUST0145,2025-12-18,Sports,ES,,62.0
TXN00661,CUST0083,2025-12-17,Electronics,usa,297.44,19.0
TXN00012,CUST0098,2025-04-11,HOME & GARDEN,GER,418.71,21.0
TXN00397,CUST0118,2025-05-27,Sports,canada,183.6,99.0
TXN00576,CUST0052,2025-09-29,Clothing,ES,87.9,36.0
TXN00043,CUST0016,2025-09-10,BOOKS,spain,,14.0
TXN00168,CUST0042,12-Mar-25,Home & Garden,GER,252.78,85.0
TXN00417,CUST0130,2025-11-24,Books,canada,406.32,
TXN00968,CUST0106,2026-02-19,Clothing,U.K.,71.27,31.0
TXN00427,CUST0095,2025-11-10,Sports,United Kingdom,479.11,
TXN00545,CUST0181,2025-05-04,HOME & GARDEN,france,51.53,18.0
TXN00949,CUST0088,2025-06-20,Home & Garden,uk,217.73,54.0
TXN00347,cust0019,2025-03-02,Books,InvalidCountry,228.1,12.0
TXN00905,CUST0105,2026-02-28,Home & Garden,United Kingdom,357.48,1.0
TXN00662,CUST0199,2025-08-28,ELECTRONICS,FR,480.67,48.0
TXN00258,CUST0153,2025-12-13,ELECTRONICS,U.S.A.,87.13,80.0
TXN00336,cust0043,17-Jul-25,Books,canada,,46.0
TXN00016,CUST0177,2025-03-17,Sports,United Kingdom,168.9,99.0
TXN00679,CUST0141,2025-05-02,ELECTRONICS,CA,492.79,62.0
TXN00325,CUST0165,2025-07-08,Clothing,ES,490.6,62.0
TXN00818,CUST0158,2025-04-05,Sports,uk,-285.02,31.0
TXN00223,CUST0009,2025-07-18,home & garden,United Kingdom,227.9,31.0
TXN00180,cust0018,2025-09-09,Home & Garden,GER,467.78,65.0
TXN00100,cust0110,11-Dec-25,Sports,GER,374.39,61.0
TXN00522,CUST0115,2025-05-08,sports,DE,206.39,65.0
TXN00023,CUST0161,2025-07-29,Clothing,ES,302.24,50.0
TXN00357,CUST0111,2025-12-29,sports,US,,39.0
TXN00721,CUST0057,2025-11-17,clothing,spain,141.85,53.0
TXN00928,CUST0028,2025-06-18,Sports,United States,154.18,15.0
TXN00758,CUST0160,2026-02-06,Electronics,FR,334.37,84.0
TXN00341,CUST0093,2026-02-14,BOOKS,FR,306.5,87.0
TXN00432,CUST0130,2025-06-01,clothing,france,83.43,42.0
TXN00596,CUST0045,2026-02-22,books,usa,297.81,2.0
TXN00899,CUST0024,26-Dec-25,Books,spain,,70.0
TXN00204,CUST0200,2025-06-21,ELECTRONICS,france,418.09,37.0
TXN00761,CUST0178,2025-07-30,Electronics,canada,334.22,85.0
TXN00094,cust0148,2025-03-11,Clothing,ES,198.15,52.0
TXN00603,CUST0015,2025-07-23,CLOTHING,US,66.83,79.0
TXN00069,CUST0039,2025-08-25,Sports,United States,295.43,19.0
TXN00954,CUST0046,2025-12-24,BOOKS,DE,497.83,81.0
TXN00285,CUST0016,2025-09-08,BOOKS,usa,491.37,11.0
TXN00866,CUST0142,2025-04-06,electronics,U.K.,307.25,36.0
TXN00435,CUST0034,12-Jul-25,Sports,DE,286.32,72.0
TXN00154,CUST0021,2025-12-04,clothing,United Kingdom,280.48,21.0
TXN00076,CUST0090,2025-11-08,Home & Garden,United Kingdom,21.6,25.0
TXN00789,CUST0147,2025-06-20,Books,US,229.06,16.0
TXN00581,CUST0133,2026-02-26,books,U.S.A.,350.84,16.0
TXN00447,CUST0108,2025-10-30,sports,U.S.A.,110.98,13.0
TXN00189,CUST0121,2025-04-17,Home & Garden,canada,349.43,84.0
TXN00272,cust0021,2025-09-10,Books,CA,11857.0,100.0
TXN00237,cust0183,20-Jan-26,Books,usa,167.83,19.0
TXN00488,CUST0128,2025-09-14,books,spain,287.27,13.0
TXN00560,CUST0151,2025-04-24,HOME & GARDEN,ES,320.06,22.0
TXN00118,CUST0200,2025-10-27,Electronics,usa,107.69,3.0
TXN00881,CUST0168,2025-05-06,BOOKS,CA,330.13,10.0
TXN00513,CUST0113,03-Apr-25,home & garden,germany,487.37,18.0
TXN00598,CUST0130,2025-03-03,home & garden,spain,255.51,54.0
TXN00644,CUST0175,2025-09-02,books,uk,115.21,24.0
TXN00127,CUST0108,2025-07-24,BOOKS,usa,480.79,82.0
TXN00117,CUST0005,2025-09-04,SPORTS,US,119.87,9.0
TXN00474,CUST0044,2025-12-21,HOME & GARDEN,U.K.,362.95,63.0
TXN00622,CUST0039,2026-02-18,Electronics,germany,124.17,45.0
TXN00058,CUST0081,11-Jul-25,electronics,United States,314.37,73.0
TXN00729,CUST0164,2025-10-20,HOME & GARDEN,canada,331.5,84.0
TXN00981,CUST0137,2025-06-24,Electronics,ES,474.01,62.0
TXN00370,CUST0062,2025-10-17,Books,usa,230.3,19.0
TXN00269,CUST0107,2025-08-07,Home & Garden,U.S.A.,20.22,42.0
TXN00047,CUST0004,2025-12-07,Electronics,uk,209.14,62.0
TXN00350,CUST0164,2025-06-15,Clothing,canada,-119.88,
TXN00196,CUST0044,2025-04-24,clothing,United States,436.71,80.0
TXN00103,CUST0183,2025-10-14,home & garden,United Kingdom,174.57,70.0
TXN00900,CUST0001,2025-07-30,Books,FR,191.48,6.0
TXN00746,CUST0071,11-May-25,clothing,uk,384.6,63.0
TXN00894,CUST0197,2025-03-30,clothing,FR,260.29,22.0
TXN00264,CUST0197,2025-10-05,CLOTHING,CA,170.78,1.0
TXN00444,CUST0006,2025-03-23,home & garden,germany,362.36,55.0
TXN00793,cust0088,08-Nov-25,HOME & GARDEN,U.S.A.,423.72,43.0
TXN00305,CUST0052,2025-10-25,sports,uk,35.57,62.0
TXN00342,CUST0116,18-Jul-25,Home & Garden,CA,383.91,74.0
TXN00937,CUST0049,2025-11-20,Books,ES,,31.0
TXN00314,CUST0187,2025-07-29,Sports,FR,6448.0,37.0
TXN00150,CUST0022,2025-05-21,clothing,US,384.58,78.0
TXN00125,CUST0154,2026-02-09,Electronics,france,180.13,55.0
TXN00847,CUST0092,2025-10-05,SPORTS,US,395.58,39.0
TXN00886,CUST0031,2025-09-14,Clothing,GER,362.93,62.0
TXN00051,CUST0149,2025-09-23,Sports,US,38.01,75.0
TXN00354,CUST0105,2025-12-28,Sports,United States,486.47,83.0
TXN00999,CUST0100,2025-12-11,home & garden,canada,318.29,6.0
TXN00143,CUST0153,23-Nov-25,Home & Garden,United States,155.16,47.0
TXN00471,CUST0149,2025-12-14,BOOKS,canada,,30.0
TXN00400,cust0198,2025-11-16,Home & Garden,ES,348.22,63.0
TXN00930,CUST0097,2025-10-29,sports,DE,381.16,100.0
TXN00321,CUST0142,2025-07-05,ELECTRONICS,GER,31.33,50.0
TXN00020,CUST0036,2025-05-19,CLOTHING,spain,274.1,
TXN00908,CUST0167,2025-10-20,sports,canada,428.94,55.0
TXN00851,CUST0187,2025-05-23,Home & Garden,U.S.A.,438.64,19.0
TXN00895,CUST0186,2025-05-01,Home & Garden,germany,299.39,30.0
TXN00408,CUST0014,2025-09-14,Electronics,GER,,13.0
TXN00538,CUST0048,2025-03-31,clothing,ES,221.75,4.0
TXN00694,cust0147,2025-09-30,Clothing,GER,48.69,92.0
TXN00039,CUST0072,2025-05-30,BOOKS,uk,74.83,74.0
TXN00176,CUST0024,2025-07-09,Clothing,United States,474.06,83.0
TXN00246,CUST0016,2025-05-19,SPORTS,FR,171.53,16.0
TXN00893,CUST0124,2025-08-04,clothing,U.K.,304.41,75.0
TXN00722,CUST0132,26-Feb-26,electronics,spain,242.31,17.0
TXN00944,CUST0123,2025-06-18,Sports,US,180.17,88.0
TXN00925,CUST0024,20-May-25,sports,CA,458.35,45.0
TXN00155,CUST0001,2025-03-15,Books,germany,300.97,38.0
TXN00639,CUST0032,2025-11-09,Electronics,InvalidCountry,74.05,52.0
TXN00288,CUST0100,2025-03-20,Books,CA,302.96,81.0
TXN00626,CUST0012,2025-08-03,Clothing,FR,353.41,48.0
TXN00742,CUST0098,2025-08-03,Sports,CA,36.49,20.0
TXN00570,CUST0188,2025-07-11,Electronics,ES,321.07,90.0
TXN00802,CUST0130,28-Feb-26,clothing,germany,269.88,7.0
TXN00018,CUST0069,2025-05-16,Electronics,United Kingdom,439.42,41.0
TXN00128,CUST0118,2025-12-02,Clothing,GER,369.56,84.0
TXN00323,cust0089,2025-03-31,CLOTHING,ES,317.85,99.0
TXN00256,cust0192,2025-08-22,SPORTS,U.K.,215.72,44.0
TXN00791,CUST0141,2025-04-27,Electronics,United States,481.95,82.0
TXN00500,CUST0076,2026-01-24,clothing,ES,50.2,20.0
TXN00191,CUST0161,2026-02-12,Books,FR,312.56,31.0
TXN00116,cust0098,2025-10-24,Home & Garden,DE,419.11,61.0
TXN00666,CUST0158,2025-03-27,Home & Garden,uk,298.59,23.0
TXN00607,CUST0067,2025-12-28,clothing,canada,377.39,35.0
TXN00181,CUST0069,2025-10-01,electronics,canada,420.36,75.0
TXN00302,cust0115,2025-10-31,Clothing,InvalidCountry,161.64,61.0
TXN00830,CUST0018,2025-08-02,Sports,uk,276.11,52.0
TXN00901,CUST0179,05-Nov-25,Sports,GER,469.83,62.0
TXN00781,CUST0081,20-Mar-25,Electronics,ES,267.16,
TXN00740,CUST0031,2025-04-12,Books,usa,295.95,80.0
TXN00716,cust0181,2025-08-26,Clothing,CA,413.52,65.0
TXN00518,CUST0047,2025-07-09,Sports,U.S.A.,472.06,27.0
TXN00373,CUST0196,12-Jun-25,Clothing,DE,238.74,40.0
TXN00046,CUST0114,2026-02-05,Sports,U.S.A.,329.55,70.0
TXN00978,CUST0080,2025-05-30,Home & Garden,germany,-121.29,12.0
TXN00158,CUST0109,2025-11-07,electronics,france,327.34,35.0
TXN00803,CUST0142,2025-06-28,books,france,462.94,100.0
TXN00172,CUST0093,2025-04-16,sports,GER,,7.0
TXN00017,CUST0199,2026-02-14,electronics,United Kingdom,404.47,52.0
TXN00512,CUST0002,2025-04-19,Books,CA,196.15,43.0
TXN00049,CUST0068,2025-07-29,Books,CA,351.33,94.0
TXN00192,CUST0162,2026-01-15,Home & Garden,uk,222.65,13.0
TXN00906,cust0148,2025-06-09,Sports,United States,13.53,84.0
TXN00516,CUST0126,2025-09-17,Sports,U.K.,,
TXN00735,CUST0172,2025-09-30,home & garden,FR,424.26,85.0
TXN00741,CUST0019,2025-06-19,books,U.K.,68.71,88.0
TXN00481,CUST0005,2025-03-22,sports,spain,220.98,23.0
TXN00284,CUST0167,27-Apr-25,Clothing,CA,243.06,
TXN00775,CUST0117,2025-03-14,Home & Garden,germany,426.83,54.0
TXN00707,CUST0085,2025-07-02,clothing,U.S.A.,461.21,48.0
TXN00226,CUST0117,2025-11-14,Electronics,spain,324.44,77.0
TXN00027,CUST0001,2025-12-01,Home & Garden,FR,258.76,14.0
TXN00843,CUST0014,2025-05-21,clothing,canada,44.52,30.0
TXN00438,CUST0180,2026-01-31,ELECTRONICS,FR,467.95,9.0
TXN00372,CUST0064,2025-05-11,Clothing,canada,,25.0
TXN00365,CUST0161,2025-04-08,Sports,CA,478.76,62.0
TXN00230,CUST0034,2025-12-03,SPORTS,CA,63.86,4.0
TXN00038,CUST0059,2025-09-14,Electronics,United States,44.72,31.0
TXN00670,CUST0057,2025-06-21,Sports,usa,78.92,96.0
TXN00371,CUST0025,2025-08-18,Electronics,CA,433.44,54.0
TXN00375,CUST0056,2026-02-06,sports,CA,34.76,64.0
TXN00470,CUST0190,2025-10-20,CLOTHING,US,281.12,75.0
TXN00199,CUST0074,2026-01-24,Sports,United Kingdom,226.45,45.0
TXN00688,CUST0140,25-Aug-25,BOOKS,U.K.,443.89,48.0
TXN00917,CUST0068,2026-01-21,Clothing,CA,308.42,93.0
TXN00759,CUST0006,2026-01-02,electronics,ES,214.22,49.0
TXN00784,CUST0124,2025-03-21,Home & Garden,ES,324.29,20.0
TXN00195,cust0038,2025-08-04,Clothing,FR,287.3,
TXN00921,CUST0131,2025-11-04,Sports,spain,311.44,87.0
TXN00931,CUST0118,2026-02-16,books,FR,246.17,34.0
TXN00504,CUST0143,09-Jan-26,sports,DE,22.87,46.0
TXN00688,CUST0140,25-Aug-25,BOOKS,U.K.,443.89,48.0
TXN00896,CUST0097,06-Jan-26,books,U.K.,18.12,67.0
TXN00580,CUST0001,2026-01-22,Clothing,DE,75.02,29.0
TXN00161,CUST0078,2025-06-19,Books,CA,274.59,57.0
TXN00681,CUST0041,2025-09-14,electronics,usa,110.72,25.0
TXN00163,CUST0065,2025-11-05,electronics,United States,481.34,74.0
TXN00706,CUST0159,2025-03-12,sports,spain,206.84,51.0
TXN00757,CUST0183,09-Apr-25,Electronics,GER,135.34,69.0
TXN00153,CUST0157,2025-04-16,ELECTRONICS,U.K.,113.4,85.0
TXN00801,CUST0173,2025-07-15,sports,United States,234.12,76.0
TXN00755,cust0043,2025-11-06,BOOKS,U.S.A.,119.92,17.0
TXN00815,CUST0172,2025-10-17,Electronics,uk,377.59,21.0
TXN00112,CUST0186,2025-12-27,clothing,DE,490.55,69.0
TXN00227,CUST0006,2025-10-29,electronics,canada,494.52,73.0
TXN00884,CUST0113,2026-01-22,clothing,U.K.,262.13,36.0
TXN00104,CUST0021,2025-11-04,Clothing,U.K.,197.69,20.0
TXN00422,CUST0123,2026-02-27,home & garden,U.K.,137.78,31.0
TXN00420,CUST0045,2025-08-07,SPORTS,ES,415.23,66.0
TXN00809,CUST0189,2025-11-11,sports,spain,108.44,80.0
TXN00587,cust0106,2025-07-19,Sports,spain,431.38,12.0
TXN00077,CUST0103,2026-01-26,HOME & GARDEN,canada,483.78,36.0
TXN00673,cust0178,2025-10-22,Electronics,CA,395.64,93.0
TXN00120,CUST0145,2025-03-09,Clothing,germany,135.56,48.0
TXN00054,CUST0104,2025-10-27,electronics,FR,293.67,6.0
TXN00152,CUST0077,27-Sep-25,Sports,GER,288.63,8.0
TXN00404,CUST0021,2025-04-01,HOME & GARDEN,DE,135.66,62.0
TXN00281,CUST0116,2025-08-26,ELECTRONICS,United States,417.53,10.0
TXN00208,CUST0009,2025-12-25,Sports,CA,54.17,38.0
TXN00659,CUST0060,2026-02-20,Sports,uk,267.96,1.0
TXN00910,CUST0194,2025-05-24,CLOTHING,germany,394.06,62.0
TXN00979,CUST0114,03-Aug-25,Home & Garden,canada,137.31,39.0
TXN00009,CUST0032,2025-05-24,books,United States,153.66,81.0
TXN00870,CUST0067,2025-07-04,Sports,FR,330.41,20.0
TXN00037,CUST0151,2026-01-25,Clothing,United States,356.84,8.0
TXN00453,CUST0057,2025-10-13,Books,CA,39.87,76.0
TXN00652,CUST0072,2025-06-04,Electronics,germany,185.14,75.0
TXN00254,CUST0090,2025-12-19,Electronics,United Kingdom,287.5,52.0
TXN00304,cust0197,2025-06-18,home & garden,DE,268.46,21.0
TXN00911,CUST0046,2025-05-22,home & garden,france,247.04,40.0
TXN00572,CUST0055,2025-09-18,books,canada,415.89,44.0
TXN00624,CUST0189,2025-11-17,Home & Garden,United States,269.61,31.0
TXN00765,CUST0134,2025-03-07,Clothing,canada,,21.0
TXN00993,CUST0080,2025-07-08,Books,CA,351.5,5.0
TXN00263,CUST0102,2026-02-27,SPORTS,US,110.17,28.0
TXN00611,CUST0146,2025-12-12,Clothing,CA,,14.0
TXN00298,CUST0135,2025-09-11,Electronics,ES,439.43,80.0
TXN00415,cust0077,2026-01-07,Sports,FR,464.94,43.0
TXN00151,CUST0153,2025-06-08,Sports,U.K.,196.39,57.0
TXN00849,cust0008,2025-06-02,books,U.K.,117.73,96.0
TXN00641,CUST0006,2025-04-06,electronics,uk,,17.0
TXN00957,CUST0042,2025-10-23,ELECTRONICS,U.K.,243.5,81.0
TXN00551,CUST0003,2025-11-23,Books,United Kingdom,409.46,72.0
TXN00852,CUST0032,2025-05-13,Electronics,usa,302.36,69.0
TXN00489,CUST0136,2025-11-14,Electronics,U.K.,451.62,89.0
TXN00711,CUST0049,2025-08-06,Books,United Kingdom,373.06,98.0
TXN00148,CUST0123,2025-08-09,Electronics,U.S.A.,250.96,74.0
TXN00147,cust0123,2025-11-28,Books,canada,483.09,33.0
TXN00778,CUST0174,2025-04-24,BOOKS,United Kingdom,196.08,46.0
TXN00741,CUST0019,2025-06-19,books,U.K.,68.71,88.0
TXN00854,CUST0089,2025-04-06,CLOTHING,DE,427.21,19.0
TXN00951,cust0147,2025-03-16,Clothing,france,122.0,13.0
TXN00660,CUST0085,2025-12-26,SPORTS,uk,176.97,23.0
TXN00349,CUST0139,2025-12-12,Home & Garden,CA,358.79,90.0
TXN00464,CUST0055,2026-01-01,Clothing,ES,375.97,97.0
TXN00326,CUST0162,2026-01-29,Clothing,U.K.,360.86,59.0
TXN00187,CUST0085,2026-01-10,Electronics,germany,267.72,59.0
TXN00124,CUST0161,2025-03-11,clothing,usa,388.52,88.0
TXN00920,CUST0052,2025-11-23,SPORTS,canada,26.47,77.0
TXN00609,cust0135,2025-03-03,electronics,CA,487.77,81.0
TXN00144,CUST0046,2025-03-05,Home & Garden,US,271.73,36.0
TXN00752,CUST0151,2026-01-28,Home & Garden,uk,413.68,39.0
TXN00948,CUST0141,2025-10-16,Home & Garden,InvalidCountry,240.96,79.0
TXN00198,CUST0164,2025-10-23,HOME & GARDEN,germany,336.75,60.0
TXN00610,CUST0020,2025-06-14,books,germany,186.46,64.0
TXN00280,CUST0152,2025-06-16,Electronics,CA,46.35,60.0
TXN00294,CUST0172,2025-04-06,SPORTS,U.S.A.,338.52,66.0
TXN00897,CUST0130,2025-04-26,BOOKS,uk,57.19,61.0
TXN00401,CUST0082,2025-05-20,books,canada,467.51,93.0
TXN00123,CUST0174,2025-11-21,BOOKS,germany,47.24,89.0
TXN00184,CUST0049,2025-08-18,Clothing,FR,124.45,100.0
TXN00203,CUST0006,2026-02-26,Books,canada,287.31,
TXN00439,CUST0121,2025-08-05,ELECTRONICS,CA,98.19,18.0
TXN00247,CUST0106,2025-07-29,Home & Garden,ES,435.37,93.0
TXN00416,CUST0073,2025-05-28,Books,ES,266.92,18.0
TXN00837,cust0115,2025-10-02,books,US,450.16,25.0
TXN00825,cust0110,2025-10-18,home & garden,france,73.73,75.0
TXN00975,CUST0084,2025-05-30,Books,germany,,71.0
TXN00828,CUST0158,2025-05-13,Home & Garden,GER,279.58,10.0
TXN00955,CUST0133,2025-09-22,SPORTS,spain,394.81,39.0
TXN00130,CUST0152,28-Oct-25,home & garden,canada,417.06,12.0
TXN00638,CUST0192,2026-01-13,Sports,United Kingdom,236.4,18.0
TXN00403,CUST0102,2025-10-05,Home & Garden,uk,30.61,
TXN00845,CUST0081,2025-03-23,Electronics,DE,67.97,1.0
TXN00831,CUST0024,2025-11-13,Home & Garden,U.K.,335.03,43.0
TXN00736,CUST0143,2026-01-12,clothing,canada,240.68,95.0
TXN00982,CUST0077,2025-10-04,Electronics,InvalidCountry,302.53,1.0
TXN00220,CUST0035,2025-08-25,books,GER,338.54,96.0
TXN00642,CUST0024,2026-02-09,home & garden,usa,471.72,7.0
TXN00984,CUST0102,2025-04-06,Clothing,U.K.,200.96,49.0
TXN00811,cust0182,2025-05-29,CLOTHING,FR,350.21,42.0
TXN00868,CUST0020,2025-06-16,electronics,United States,319.5,75.0
TXN00989,CUST0116,2025-04-18,Home & Garden,ES,251.08,42.0
TXN00625,cust0108,2025-12-20,Books,U.S.A.,358.71,12.0
TXN00904,CUST0197,2025-10-08,clothing,United States,303.16,
TXN00820,CUST0100,2025-09-23,books,spain,483.26,7.0
TXN00387,CUST0137,2025-05-18,books,spain,156.9,3.0
TXN00902,CUST0197,2025-05-05,Books,canada,,
TXN00807,CUST0116,03-Aug-25,clothing,United Kingdom,305.24,96.0
TXN00510,cust0020,2025-10-27,home & garden,canada,363.24,64.0
TXN00268,CUST0081,13-May-25,SPORTS,germany,208.17,82.0
TXN00882,CUST0133,2025-11-08,Home & Garden,DE,263.02,46.0
TXN00442,CUST0168,2025-12-01,home & garden,US,496.49,51.0
TXN00497,CUST0102,2025-04-12,Home & Garden,United States,143.93,58.0
TXN00113,CUST0007,18-May-25,Books,FR,334.87,11.0
TXN00692,CUST0106,2025-05-23,Sports,U.K.,39.88,50.0
TXN00233,CUST0030,2025-07-16,electronics,germany,391.23,66.0
TXN00936,CUST0056,2025-11-29,sports,CA,474.09,88.0
TXN00608,CUST0188,2025-09-12,Electronics,usa,405.48,35.0
TXN00672,CUST0182,2026-02-25,HOME & GARDEN,germany,139.95,32.0
TXN00374,CUST0128,2025-08-13,electronics,United States,257.67,31.0
TXN00664,CUST0035,2025-07-22,Clothing,ES,398.0,63.0
TXN00909,CUST0145,2025-10-12,Home & Garden,france,495.98,51.0
TXN00234,CUST0152,2025-06-18,electronics,germany,118.56,
TXN00939,cust0092,2025-12-31,clothing,U.S.A.,460.89,87.0
TXN00846,CUST0165,2025-05-07,Sports,US,32.3,10.0
TXN00677,CUST0019,20-Feb-26,Electronics,canada,166.17,14.0
TXN00318,cust0184,26-Jul-25,clothing,canada,1077.0,46.0
TXN00649,CUST0005,2025-08-31,Books,spain,245.05,63.0
TXN00411,CUST0083,31-Jan-26,HOME & GARDEN,spain,454.89,12.0
TXN00966,CUST0075,2025-04-06,HOME & GARDEN,FR,203.77,57.0
TXN00710,CUST0114,2025-08-01,Home & Garden,canada,306.44,12.0
TXN00359,cust0073,2025-11-22,Electronics,canada,321.18,71.0
TXN00259,CUST0013,2025-07-19,electronics,canada,334.35,63.0
TXN00745,CUST0086,2025-04-12,clothing,canada,3843.0,58.0
TXN00628,CUST0101,2025-05-16,Electronics,FR,40.52,85.0
TXN00633,CUST0198,2025-09-26,Clothing,GER,-237.04,16.0
TXN00283,cust0149,2026-02-09,sports,spain,230.37,74.0
TXN00377,CUST0111,2025-08-27,CLOTHING,canada,384.29,47.0
TXN00385,CUST0084,2025-12-09,Sports,CA,202.55,79.0
TXN00225,CUST0092,2025-10-12,ELECTRONICS,germany,-103.01,16.0
TXN00102,CUST0134,2025-10-31,Books,ES,144.55,10.0
TXN00877,cust0095,2025-03-25,CLOTHING,U.S.A.,111.32,47.0
TXN00473,CUST0087,2025-04-08,Home & Garden,GER,,59.0
TXN00348,CUST0175,2025-09-06,home & garden,ES,,71.0
TXN00506,CUST0004,2025-08-16,home & garden,GER,391.79,93.0
TXN00640,CUST0096,2025-05-06,Electronics,france,136.82,10.0
TXN00278,cust0165,2025-04-15,sports,CA,164.91,57.0
TXN00798,cust0127,2025-08-05,clothing,spain,62.41,79.0
TXN01000,CUST0191,2025-12-30,sports,france,134.12,82.0
TXN00974,CUST0034,2026-02-16,Sports,U.K.,27.23,46.0
TXN00620,CUST0190,2025-07-08,SPORTS,uk,190.45,64.0
TXN00953,CUST0051,2025-12-16,Clothing,ES,241.76,2.0
TXN00865,CUST0123,2025-08-31,books,germany,389.64,63.0
TXN00646,CUST0158,2025-10-02,Clothing,spain,254.46,71.0
TXN00913,CUST0031,2025-03-09,CLOTHING,germany,47513.0,13.0
TXN00557,CUST0139,2025-07-20,electronics,spain,277.71,55.0
TXN00682,CUST0105,2025-05-30,sports,ES,139.98,37.0
TXN00578,CUST0043,2025-04-16,Electronics,DE,159.7,90.0
TXN00796,CUST0001,2025-04-12,Home & Garden,canada,482.57,38.0
TXN00086,CUST0179,27-Dec-25,home & garden,FR,104.0,86.0
TXN00243,CUST0081,2025-03-27,BOOKS,CA,134.9,20.0
TXN00699,cust0082,2025-08-16,Electronics,usa,282.62,71.0
TXN00941,CUST0011,2025-04-19,Books,CA,164.55,74.0
TXN00160,CUST0192,2025-07-21,Sports,CA,70.93,
TXN00525,cust0197,2025-03-27,Clothing,ES,183.95,83.0
TXN00036,CUST0058,2026-02-20,ELECTRONICS,canada,298.27,30.0
TXN00541,CUST0148,2025-11-27,Electronics,france,189.24,26.0
TXN00171,CUST0169,2025-08-03,sports,GER,36.56,67.0
TXN00655,CUST0091,2025-11-01,Clothing,United Kingdom,300.33,95.0
TXN00971,CUST0141,2025-08-11,electronics,US,266.75,
TXN00924,CUST0151,2026-02-23,Clothing,france,371.09,9.0
TXN00914,CUST0055,2025-09-10,Sports,GER,402.42,79.0
TXN00900,CUST0001,2025-07-30,Books,FR,191.48,6.0
TXN00734,CUST0088,2025-06-02,CLOTHING,spain,322.77,61.0
TXN00096,CUST0198,2025-11-10,Electronics,DE,96.18,90.0
TXN00564,CUST0174,04-Aug-25,electronics,United Kingdom,,36.0
TXN00241,CUST0168,2025-11-12,Sports,ES,220.73,30.0
TXN00743,CUST0036,05-Aug-25,Clothing,canada,493.72,59.0
TXN00864,CUST0112,2025-12-24,HOME & GARDEN,canada,342.99,43.0
TXN00575,CUST0005,2025-07-20,Electronics,uk,233.69,55.0
TXN00691,CUST0171,2025-03-25,ELECTRONICS,U.S.A.,178.46,70.0
TXN00461,CUST0049,2025-08-21,ELECTRONICS,CA,340.1,78.0
TXN00554,CUST0057,2025-10-13,Home & Garden,US,120.17,37.0
TXN00858,CUST0018,2025-11-21,Home & Garden,InvalidCountry,365.54,63.0
TXN00945,CUST0199,2025-12-31,Clothing,germany,352.14,59.0
TXN00207,CUST0161,2025-04-06,electronics,spain,29.32,57.0
TXN00393,CUST0029,2025-07-20,clothing,United States,163.71,20.0
TXN00795,CUST0184,2026-01-12,BOOKS,US,,
TXN00871,CUST0094,2025-05-05,BOOKS,United Kingdom,369.28,38.0
TXN00398,CUST0185,28-Jun-25,Home & Garden,FR,104.21,32.0
TXN00767,CUST0085,2026-02-24,Clothing,United States,339.1,15.0
TXN00915,CUST0179,2025-08-15,electronics,uk,482.64,1.0
TXN00218,CUST0167,2025-12-21,BOOKS,United States,3222.0,5.0
TXN00005,CUST0057,2025-10-11,Books,FR,406.62,1.0
TXN00769,CUST0186,2025-04-07,electronics,canada,123.27,38.0
TXN00643,CUST0044,2025-08-12,SPORTS,GER,253.1,49.0
TXN00965,cust0021,2025-11-06,Clothing,canada,163.61,84.0
TXN00613,CUST0063,2025-08-28,Electronics,germany,197.66,20.0
TXN00739,CUST0108,2025-10-20,Home & Garden,canada,296.93,60.0
TXN00547,CUST0178,16-Aug-25,Clothing,FR,214.94,18.0
TXN00726,CUST0102,27-Feb-26,Sports,U.S.A.,260.64,85.0
TXN00986,CUST0196,2025-03-17,sports,InvalidCountry,143.21,84.0
TXN00684,CUST0126,2025-08-30,clothing,usa,11.87,12.0
TXN00099,CUST0153,2025-04-23,Home & Garden,DE,,65.0
TXN00805,CUST0154,2025-06-17,SPORTS,canada,441.88,54.0
TXN00728,CUST0176,2026-01-29,Electronics,germany,174.78,36.0
TXN00574,CUST0175,2026-01-11,ELECTRONICS,United States,316.83,59.0
TXN00407,cust0063,2025-06-04,electronics,spain,120.58,30.0
TXN00503,cust0027,2025-11-27,Clothing,US,221.18,
TXN00048,CUST0055,2025-12-08,books,usa,195.7,
TXN00033,CUST0169,08-Dec-25,Books,FR,139.88,78.0
TXN00780,CUST0029,2026-02-07,books,GER,41.03,84.0
TXN00840,CUST0162,2025-07-28,CLOTHING,ES,419.48,27.0
TXN00201,CUST0078,2025-06-28,Clothing,GER,62.26,49.0
TXN00135,CUST0022,2025-08-06,clothing,spain,249.4,98.0
TXN00028,CUST0161,2025-06-16,Home & Garden,spain,308.4,20.0
TXN00947,CUST0026,2025-04-23,home & garden,CA,432.3,24.0
TXN00231,CUST0034,2025-11-01,ELECTRONICS,canada,298.54,3.0
TXN00490,CUST0146,2026-02-07,books,CA,462.84,88.0
TXN00773,CUST0085,2025-04-18,Home & Garden,germany,141.47,94.0
TXN00379,CUST0142,2025-08-17,Home & Garden,U.S.A.,257.09,98.0
TXN00289,CUST0166,2025-09-15,Home & Garden,US,56.31,
TXN00419,CUST0189,2025-05-16,HOME & GARDEN,canada,340.46,25.0
TXN00675,CUST0106,2025-09-04,Books,germany,277.55,13.0
TXN00392,CUST0098,2025-10-29,Clothing,ES,25.47,90.0
TXN00593,CUST0062,2026-01-04,Books,GER,128.13,82.0
TXN00499,CUST0048,2025-08-20,sports,ES,51.99,80.0
TXN00139,CUST0109,2025-09-03,sports,canada,354.4,35.0
TXN00063,CUST0068,2025-05-23,electronics,U.S.A.,86.17,37.0
TXN00472,CUST0098,2025-06-20,sports,U.K.,279.81,88.0
TXN00648,CUST0052,2025-04-14,sports,United Kingdom,497.1,70.0
TXN00129,CUST0070,2025-06-28,sports,FR,,94.0
TXN00329,CUST0122,05-Apr-25,Home & Garden,usa,103.64,46.0
TXN00521,CUST0169,2025-07-29,Clothing,spain,396.65,10.0
TXN00839,CUST0138,16-Apr-25,Sports,U.S.A.,42.08,86.0
TXN00140,CUST0079,2025-12-31,Home & Garden,U.K.,363.43,41.0
TXN00065,CUST0068,2025-10-25,Sports,germany,453.61,7.0
TXN00813,CUST0171,02-Jun-25,BOOKS,spain,150.1,55.0
TXN00015,CUST0063,2025-08-20,CLOTHING,GER,142.27,82.0
TXN00157,cust0019,2025-04-16,CLOTHING,CA,299.0,26.0
TXN00041,CUST0025,2025-07-25,Electronics,ES,183.61,53.0
TXN00493,CUST0102,2025-12-09,Electronics,canada,286.34,73.0
TXN00380,CUST0141,2025-03-19,Home & Garden,france,309.41,17.0
TXN00188,CUST0004,2025-04-01,clothing,GER,485.28,10.0
TXN00764,CUST0028,2025-04-25,Books,uk,107.88,34.0
TXN00217,CUST0057,08-Jul-25,Electronics,ES,455.6,39.0
TXN00922,CUST0010,2025-04-01,Home & Garden,United Kingdom,10.14,
TXN00792,CUST0078,2025-11-17,sports,france,330.75,59.0
TXN00053,CUST0021,2025-05-02,clothing,US,43.3,31.0
TXN00879,CUST0083,2025-06-09,electronics,spain,,36.0
TXN00338,CUST0020,2025-06-13,BOOKS,CA,402.54,87.0
TXN00749,CUST0052,2025-09-19,HOME & GARDEN,United States,380.86,68.0
TXN00720,CUST0099,2025-05-14,Electronics,uk,392.12,28.0
TXN00725,CUST0065,2025-09-29,Clothing,germany,341.83,80.0
TXN00296,CUST0088,2025-11-07,Books,United Kingdom,-499.99,20.0
TXN00702,CUST0107,16-May-25,Clothing,uk,298.09,98.0
TXN00252,CUST0143,31-Mar-25,Electronics,france,416.44,35.0
TXN00727,CUST0096,2025-05-02,sports,ES,308.43,39.0
TXN00462,CUST0011,2025-05-06,electronics,uk,364.91,72.0
TXN00456,cust0082,16-Dec-25,books,GER,156.95,24.0
TXN00271,CUST0112,2025-07-22,Electronics,United Kingdom,298.55,68.0
TXN00816,CUST0074,2026-01-30,Home & Garden,United Kingdom,348.39,38.0
TXN00863,CUST0002,09-Nov-25,Home & Garden,InvalidCountry,358.98,83.0
TXN00270,cust0044,2025-03-14,SPORTS,DE,460.69,12.0
TXN00528,CUST0057,2025-06-10,Sports,ES,283.42,89.0
TXN00202,CUST0147,2025-10-02,HOME & GARDEN,france,496.42,
TXN00162,CUST0021,24-Jul-25,Sports,US,369.92,78.0
TXN00556,CUST0147,2025-05-28,ELECTRONICS,CA,413.41,47.0
TXN00730,CUST0077,2025-06-11,Clothing,uk,385.08,8.0
TXN00402,CUST0071,2025-05-13,Home & Garden,U.S.A.,341.54,49.0
TXN00703,CUST0026,2026-01-10,Electronics,france,395.02,69.0
TXN00477,CUST0060,2025-12-15,Electronics,spain,14.48,65.0
TXN00822,CUST0058,2025-05-27,HOME & GARDEN,france,,26.0
TXN00772,CUST0025,2025-12-22,electronics,United States,335.04,22.0
TXN00106,CUST0120,2025-11-17,Books,US,418.12,50.0
TXN00566,CUST0083,2025-08-13,Clothing,ES,249.83,74.0
TXN00390,CUST0199,06-Nov-25,SPORTS,FR,363.49,75.0
TXN00002,CUST0189,2025-05-27,electronics,ES,52.6,55.0
TXN00860,CUST0073,2025-11-23,SPORTS,U.S.A.,165.72,58.0
TXN00975,CUST0084,2025-05-30,Books,germany,,71.0
TXN00562,CUST0090,2025-05-01,SPORTS,CA,274.0,42.0
TXN00932,CUST0018,2025-11-10,Books,ES,341.69,30.0
TXN00081,cust0112,2026-01-02,sports,france,198.75,74.0
TXN00206,cust0159,2025-03-30,HOME & GARDEN,ES,,18.0
TXN00035,CUST0103,2025-06-11,home & garden,GER,231.23,32.0
TXN00943,CUST0193,2026-02-03,Sports,InvalidCountry,267.61,55.0
TXN00776,CUST0167,2025-12-25,clothing,US,351.12,8.0
TXN00509,cust0017,2025-10-12,Clothing,DE,216.34,62.0
TXN00428,CUST0040,26-Apr-25,books,spain,193.08,90.0
TXN00455,CUST0013,2025-03-24,Home & Garden,spain,196.77,
TXN00585,CUST0018,2026-02-26,SPORTS,FR,309.06,22.0
TXN00367,CUST0041,28-Jun-25,BOOKS,germany,237.58,44.0
TXN00092,CUST0061,2025-11-21,Home & Garden,United Kingdom,82.2,6.0
TXN00340,CUST0009,2025-11-02,Clothing,InvalidCountry,391.47,
TXN00898,CUST0158,2025-06-03,sports,U.S.A.,256.63,16.0
TXN00565,CUST0168,2025-12-25,Clothing,ES,132.34,92.0
TXN00346,CUST0157,2025-06-24,Home & Garden,ES,108.09,18.0
TXN00777,CUST0041,04-May-25,ELECTRONICS,DE,246.51,73.0
TXN00242,CUST0106,2025-08-10,Home & Garden,DE,213.83,13.0
TXN00014,CUST0166,2025-04-11,electronics,FR,93.86,
TXN00316,CUST0160,2026-01-05,books,US,419.98,64.0
TXN00601,CUST0040,2025-08-14,Sports,CA,297.35,98.0
TXN00388,CUST0095,05-Jan-26,home & garden,ES,490.15,75.0
TXN00274,cust0050,2025-04-06,Home & Garden,CA,409.37,
TXN00167,CUST0121,2025-09-13,home & garden,DE,167.32,14.0
TXN00841,CUST0138,2026-01-25,Books,spain,,20.0
TXN00021,CUST0150,2025-08-10,books,FR,187.38,18.0
TXN00647,CUST0123,2025-10-10,Electronics,usa,197.68,54.0
TXN00819,CUST0131,2025-03-27,home & garden,ES,-33.02,49.0
TXN00485,CUST0058,2026-01-20,Home & Garden,spain,330.33,84.0
TXN00313,cust0021,2025-11-12,electronics,canada,,71.0
TXN00505,CUST0142,2025-04-30,ELECTRONICS,france,394.37,50.0
TXN00832,cust0093,2025-04-20,HOME & GARDEN,U.K.,269.94,72.0
TXN00244,CUST0176,2026-01-15,Books,United States,417.57,12.0
TXN00567,CUST0162,2025-08-02,Home & Garden,ES,193.83,10.0
TXN00876,CUST0092,2025-06-26,Electronics,U.K.,123.56,34.0
TXN00563,CUST0181,2025-05-13,Home & Garden,canada,141.0,66.0
TXN00236,CUST0016,2025-07-27,Books,InvalidCountry,346.19,63.0
TXN00687,CUST0102,2025-03-29,BOOKS,germany,139.85,83.0
TXN00958,CUST0025,2025-09-12,BOOKS,spain,,47.0
TXN00190,CUST0021,2025-06-02,home & garden,ES,196.2,41.0
TXN00976,CUST0114,2025-05-30,Clothing,spain,96.75,77.0
TXN00700,CUST0084,2025-07-11,HOME & GARDEN,france,459.41,2.0
TXN00511,cust0153,2025-07-11,Sports,U.K.,62.42,39.0
TXN00475,cust0048,2026-01-31,Sports,InvalidCountry,266.73,10.0
TXN00857,CUST0141,2025-05-25,Books,spain,,86.0
TXN00748,CUST0104,18-Aug-25,books,DE,12.29,69.0
TXN00253,CUST0008,2025-03-08,CLOTHING,CA,383.58,44.0
TXN00022,CUST0131,2026-02-06,BOOKS,United States,431.94,20.0
TXN00460,CUST0085,2025-08-25,electronics,GER,55.31,93.0
TXN00277,CUST0145,2025-03-19,SPORTS,germany,462.84,73.0
TXN00956,CUST0065,2026-02-06,Sports,FR,205.22,89.0
TXN00386,cust0190,2025-09-11,home & garden,france,258.58,66.0
TXN00806,CUST0156,2025-08-11,Clothing,canada,482.16,38.0
TXN00344,CUST0064,2025-11-27,Electronics,United States,254.53,50.0
TXN00770,CUST0068,2026-01-10,Books,U.S.A.,408.46,6.0
TXN00131,cust0072,2025-07-08,Books,U.K.,289.23,86.0
TXN00872,cust0035,2025-06-14,books,FR,54.37,47.0
TXN00088,CUST0001,2025-11-15,Home & Garden,CA,220.65,75.0
TXN00331,CUST0112,2025-07-20,books,ES,448.37,50.0
TXN00467,CUST0167,2025-10-20,home & garden,CA,186.23,64.0
TXN00122,CUST0080,2026-02-17,electronics,france,465.15,74.0
TXN00300,CUST0198,2025-07-21,Sports,United Kingdom,31.41,47.0
TXN00861,CUST0085,2025-09-27,Sports,spain,349.79,20.0
